Time,Location,Machine,Shift,Product,Planned Production Time,Available Machine Time,Running Time,Fault Time,Blocked Time,Starved Time,Setup Time,Micro Stops,Minor Stops,Major Stops,MTBF,MTTR,Availability,Performance,Quality,OEE,Total Good Parts,Total Waste Parts,Ideal Production Time,Lost Time Slow Running,Lost Time Slow Running %,,
29/03/2026 06:59,Desford,Setter,A Shift Days,WORRM,3548,3442,2310,237,90,16,0,10,0,2,1155,118,67.11,71.91,1,48.26,16128,0,1661.18,648.82,28.09,,
30/03/2026 05:59,Desford,Setter,B Shift Nights,WORRM,36233,34631,22145,5040,596,1006,0,88,0,20,1107,252,63.95,60.01,1,38.37,129024,0,13289.47,8855.53,39.99,,
30/03/2026 17:59,Desford,Setter,A Shift Days,WORRM,38022,37221,23988,3890,545,256,0,90,0,11,2180,353,64.45,64.06,1,41.28,149184,0,15365.95,8622.05,35.94,,
31/03/2026 05:59,Desford,Setter,B Shift Nights,WORRM,38060,36595,24329,3939,943,522,0,109,0,21,1158,187,66.48,64.87,1,43.12,153216,0,15781.25,8547.75,35.13,,
31/03/2026 17:59,Desford,Setter,A Shift Days,WORRM,38178,37600,28993,4223,193,385,0,66,0,8,3624,527,77.11,31.51,1,24.3,88704,0,9136.51,19856.49,68.49,,
01/04/2026 05:59,Desford,Setter,B Shift Nights,WORRM,39570,38091,30870,489,224,1255,0,84,0,4,7717,122,81.04,48.43,1,39.25,145152,0,14950.66,15919.34,51.57,,
01/04/2026 17:59,Desford,Setter,C Shift Days,WORRM,39571,38750,31640,1257,319,502,0,94,0,2,15820,628,81.65,49.88,1,40.73,153216,0,15781.25,15858.75,50.12,,
02/04/2026 05:59,Desford,Setter,D Shift Nights,16,39558,38102,29892,1335,505,951,0,111,0,10,2989,133,78.45,50.02,1,39.24,145152,0,14950.66,14941.34,49.98,,
02/04/2026 17:59,Desford,Setter,C Shift Days,16,39559,34657,25339,1288,311,4591,0,98,0,8,3167,161,73.11,42.61,1,31.16,104832,0,10797.7,14541.3,57.39,,
03/04/2026 05:59,Desford,Setter,D Shift Nights,16,39560,32713,20949,3307,875,5972,0,130,0,13,1611,254,64.04,81.28,1,52.05,165312,0,17027.14,3921.86,18.72,,
03/04/2026 17:59,Desford,Setter,C Shift Days,16,39561,38086,22178,1341,511,964,0,92,0,11,2016,121,58.23,76.77,1,44.71,165312,0,17027.14,5150.86,23.23,,
04/04/2026 05:59,Desford,Setter,D Shift Nights,16,39563,38657,26271,3113,379,527,0,116,0,16,1641,194,67.96,64.81,1,44.05,165312,0,17027.14,9243.86,35.19,,
04/04/2026 17:59,Desford,Setter,C Shift Days,16,39565,34626,25013,1003,415,4524,0,120,0,4,6253,250,72.24,68.07,1,49.17,165312,0,17027.14,7985.86,31.93,,
05/04/2026 05:59,Desford,Setter,D Shift Nights,17,39567,38478,26113,882,502,587,0,136,0,10,2611,88,67.86,74.75,1,50.73,189504,0,19518.91,6594.09,25.25,,
05/04/2026 17:59,Desford,Setter,B Shift Days,17,39569,32879,19109,2281,1055,5635,0,88,0,9,2123,253,58.12,76.07,1,44.21,141120,0,14535.36,4573.64,23.93,,
06/04/2026 05:59,Desford,Setter,A Shift Nights,17,39571,30504,22444,550,670,8397,0,106,0,3,7481,183,73.58,66.61,1,49.01,145152,0,14950.66,7493.34,33.39,,
06/04/2026 17:59,Desford,Setter,B Shift Days,17,39571,34430,23412,274,994,4147,0,113,0,6,3902,45,68,72.73,1,49.45,165312,0,17027.14,6384.86,27.27,,
07/04/2026 05:59,Desford,Setter,A Shift Nights,17,39575,38032,25295,6299,573,970,0,106,0,16,1580,393,66.51,59.11,1,39.31,145152,0,14950.66,10344.34,40.89,,
07/04/2026 17:59,Desford,Setter,B Shift Days,17,39574,37209,20418,763,340,2025,0,63,0,6,3403,127,54.87,54.92,1,30.14,108864,0,11212.99,9205.01,45.08,,
08/04/2026 05:59,Desford,Setter,A Shift Nights,17,39576,38913,24261,3073,390,273,0,123,147,18,1347,170,62.35,71.89,1,44.82,169344,0,17442.43,6818.57,28.11,,
08/04/2026 17:59,Desford,Setter,B Shift Days,17,39171,29481,16980,3823,272,9418,0,94,265,23,738,166,57.6,66.04,1,38.03,108864,0,11212.99,5767.01,33.96,,
09/04/2026 05:59,Desford,Setter,A Shift Nights,17,39566,37281,23236,12318,359,1926,0,45,421,61,380,201,62.33,67.92,1,42.33,153216,0,15781.25,7454.75,32.08,,
09/04/2026 17:59,Desford,Setter,D Shift Days,17,39751,37908,23253,12568,477,1366,0,48,603,45,516,279,61.34,80.37,1,49.3,181440,0,18688.32,4564.68,19.63,,
10/04/2026 05:59,Desford,Setter,C Shift Nights,17,39753,34773,27908,5785,534,4446,0,60,721,28,996,206,80.26,62.5,1,50.16,169344,0,17442.43,10465.57,37.5,,
10/04/2026 17:59,Desford,Setter,D Shift Days,17,12525,12042,5695,5077,134,349,0,15,283,24,237,211,47.29,94.8,1,44.83,52416,0,5398.85,296.15,5.2,,
11/04/2026 05:59,Desford,Setter,C Shift Nights,17,39758,36915,29059,6909,970,1873,0,62,415,30,968,230,78.72,61.45,1,48.38,173376,0,17857.73,11201.27,38.55,,
11/04/2026 17:59,Desford,Setter,D Shift Days,17,39758,38835,27557,9629,656,267,0,46,551,33,835,291,70.96,70.83,1,50.26,189504,0,19518.91,8038.09,29.17,,
12/04/2026 05:59,Desford,Setter,C Shift Nights,17,39760,37168,31679,4524,684,1908,0,54,647,18,1759,251,85.23,65.55,1,55.87,201600,0,20764.8,10914.2,34.45,,
12/04/2026 17:59,Desford,Setter,D Shift Days,17,39760,38952,26284,11653,689,119,0,37,767,27,973,431,67.48,67.94,1,45.85,173376,0,17857.73,8426.27,32.06,,
13/04/2026 05:59,Desford,Setter,C Shift Nights,17,39762,38983,31696,6607,779,0,0,30,843,14,2264,471,81.31,53.72,1,43.68,165312,0,17027.14,14668.86,46.28,,
13/04/2026 17:59,Desford,Setter,A Shift Days,17,39763,35739,22049,12982,3924,100,0,32,937,26,848,499,61.69,45.2,1,27.89,96768,0,9967.1,12081.9,54.8,,
14/04/2026 05:59,Desford,Setter,B Shift Nights,Kirby Red Multi,39754,38487,31312,6156,513,754,0,44,1059,24,1304,256,81.36,62.34,1,50.72,189504,0,19518.91,11793.09,37.66,,
14/04/2026 17:59,Desford,Setter,A Shift Days,Kirby Red Multi,39756,38815,21695,15540,436,505,0,42,1185,39,556,398,55.89,80.4,1,44.94,169344,0,17442.43,4252.57,19.6,,
15/04/2026 05:59,Desford,Setter,B Shift Nights,Kirby Red Multi,39758,37474,24523,10943,1194,1090,0,37,1451,61,402,179,65.44,72.82,1,47.65,173376,0,17857.73,6665.27,27.18,,
15/04/2026 17:59,Desford,Setter,A Shift Days,Kirby Red Multi,39760,37745,26268,9432,727,1288,0,62,1643,43,610,219,69.59,85.37,1,59.41,217728,0,22425.98,3842.02,14.63,,
16/04/2026 05:59,Desford,Setter,B Shift Nights,VILHM,39762,33593,15891,16802,288,5881,0,56,1771,39,407,430,47.3,83.63,1,39.56,129024,0,13289.47,2601.53,16.37,,
16/04/2026 17:59,Desford,Setter,A Shift Days,VILHM,39762,37404,27988,8018,596,1762,0,69,1913,35,799,229,74.83,77.16,1,57.74,209664,0,21595.39,6392.61,22.84,,
17/04/2026 05:59,Desford,Setter,B Shift Nights,VILHM,39765,37263,21978,13474,536,1966,0,58,144,59,372,228,58.98,75.58,1,44.58,161280,0,16611.84,5366.16,24.42,,
17/04/2026 17:59,Desford,Setter,C Shift Days,VILHM,39766,37540,28912,7571,686,1540,0,55,132,32,903,236,77.02,68.95,1,53.1,193536,0,19934.21,8977.79,31.05,,
18/04/2026 05:59,Desford,Setter,D Shift Nights,VILHM,39768,33344,27439,4653,323,6101,0,56,158,31,885,150,82.29,57.51,1,47.33,153216,0,15781.25,11657.75,42.49,,
18/04/2026 17:59,Desford,Setter,C Shift Days,VILHM,39770,38450,35766,2149,900,420,0,30,70,12,2980,179,93.02,34.83,1,32.4,120960,0,12458.88,23307.12,65.17,,
19/04/2026 05:59,Desford,Setter,D Shift Nights,VILHM,39772,36687,19811,15962,382,2703,0,50,98,34,582,469,54,100.62,1,54.34,193536,0,19934.21,0,0,,
19/04/2026 17:59,Desford,Setter,C Shift Days,VILHM,39772,33001,29331,2864,825,5946,0,50,82,16,1833,179,88.88,60.88,1,54.11,173376,0,17857.73,11473.27,39.12,,
20/04/2026 05:59,Desford,Setter,D Shift Nights,VILHM,39775,38710,15033,21598,526,539,0,33,302,47,319,459,38.83,85.64,1,33.26,124992,0,12874.18,2158.82,14.36,,
20/04/2026 17:59,Desford,Setter,C Shift Days,VILHM,39775,38601,31091,6211,683,491,0,44,186,29,1072,214,80.54,52.09,1,41.96,157248,0,16196.54,14894.46,47.91,,
21/04/2026 05:59,Desford,Setter,D Shift Nights,VILHM,39777,38781,21303,15777,379,617,0,45,188,43,495,366,54.93,76.03,1,41.76,157248,0,16196.54,5106.46,23.97,,
21/04/2026 17:59,Desford,Setter,B Shift Days,VILHM,39778,37247,8419,28573,216,2315,0,17,34,9,935,3174,22.6,39.46,1,8.92,32256,0,3322.37,5096.63,60.54,,
22/04/2026 05:59,Desford,Setter,A Shift Nights,VILHM,39782,36160,12025,22940,142,3480,0,67,152,45,267,509,33.25,75.98,1,25.27,88704,0,9136.51,2888.49,24.02,,
22/04/2026 17:59,Desford,Setter,B Shift Days,VILHM,39782,34032,19478,13717,522,5228,0,47,100,25,779,548,57.23,59.7,1,34.17,112896,0,11628.29,7849.71,40.3,,
23/04/2026 05:59,Desford,Setter,A Shift Nights,VILHM,39783,36178,29052,6069,467,3138,0,62,104,30,968,202,80.3,58.61,1,47.06,165312,0,17027.14,12024.86,41.39,,
23/04/2026 17:59,Desford,Setter,B Shift Days,VILHM,39783,36962,30535,5309,830,1991,0,68,130,22,1387,241,82.61,72.08,1,59.55,213696,0,22010.69,8524.31,27.92,,
24/04/2026 05:59,Desford,Setter,A Shift Nights,VILHM,39787,36311,26277,8471,499,2977,0,51,226,40,656,211,72.37,72.7,1,52.61,185472,0,19103.62,7173.38,27.3,,
27/03/2026 17:59,Desford,Wetside Line 1,D Shift Days,30,6402,2899,2196,27,717,2786,0,92,0,2,1098,13,75.75,110.62,1,83.8,11850,0,2429.25,0,0,395,0
28/03/2026 05:59,Desford,Wetside Line 1,C Shift Nights,30,43146,23684,16313,486,7413,12049,0,755,0,6,2718,81,68.88,124.11,1,85.48,98760,0,20245.8,0,0,3292,0
28/03/2026 17:59,Desford,Wetside Line 1,A Shift Days,30,43147,26321,13431,5125,6301,10525,0,655,0,16,839,320,51.03,126.33,1,64.47,82770,0,16967.85,0,0,2759,0
29/03/2026 06:59,Desford,Wetside Line 1,A Shift Days,30,3548,2465,1782,55,860,223,0,69,0,1,1782,55,72.29,130.11,1,94.06,11310,0,2318.55,0,0,377,0
30/03/2026 05:59,Desford,Wetside Line 1,B Shift Nights,30,36233,21124,10327,324,5590,9519,0,415,0,5,2065,64,48.89,118.21,1,57.79,59550,0,12207.75,0,0,1985,0
30/03/2026 17:59,Desford,Wetside Line 1,A Shift Days,30,38022,25942,16800,585,5429,6651,0,655,0,10,1680,58,64.76,93.54,1,60.58,86820,0,15714.42,1085.58,6.46,2894,36
31/03/2026 05:59,Desford,Wetside Line 1,B Shift Nights,30,38060,24933,14369,1524,5820,7307,0,562,0,15,957,101,57.63,88.43,1,50.96,70200,0,12706.2,1662.8,11.57,2340,88
31/03/2026 17:59,Desford,Wetside Line 1,A Shift Days,20,38178,22493,9112,6672,5529,10156,0,282,0,20,455,333,40.51,82.59,1,33.46,41580,0,7525.98,1586.02,17.41,1386,336
01/04/2026 05:59,Desford,Wetside Line 1,B Shift Nights,20,39570,22218,11792,519,9385,7967,0,502,0,9,1310,57,53.07,103.1,1,54.72,67170,0,12157.77,0,0,2239,111
01/04/2026 17:59,Desford,Wetside Line 1,C Shift Days,20,39571,24171,14285,647,10375,5025,0,542,0,14,1020,46,59.1,94.73,1,55.98,74760,0,13531.56,753.44,5.27,2492,85
02/04/2026 05:59,Desford,Wetside Line 1,D Shift Nights,20,39558,23959,14401,880,6912,8687,0,568,0,7,2057,125,60.11,99.2,1,59.63,78930,0,14286.33,114.67,0.8,2631,39
02/04/2026 17:59,Desford,Wetside Line 1,C Shift Days,30,39559,19408,10853,128,8779,11372,0,312,0,8,1356,16,55.92,90.41,1,50.56,54210,0,9812.01,1040.99,9.59,1807,37
03/04/2026 05:59,Desford,Wetside Line 1,D Shift Nights,20,39560,22730,14227,342,7708,9122,0,552,0,6,2371,57,62.59,97.78,1,61.2,76860,0,13911.66,315.34,2.22,2562,28
03/04/2026 17:59,Desford,Wetside Line 1,C Shift Days,20,39561,25796,14488,632,9051,4714,0,600,0,14,1034,45,56.16,99.06,1,55.63,79290,0,14351.49,136.51,0.94,2643,27
04/04/2026 05:59,Desford,Wetside Line 1,D Shift Nights,16,39563,26964,19140,380,6983,5616,0,774,0,8,2392,47,70.98,101.71,1,72.19,107550,0,19466.55,0,0,3585,105
04/04/2026 17:59,Desford,Wetside Line 1,C Shift Days,16,39565,27122,17888,249,9997,2446,0,777,0,6,2981,41,65.95,108.46,1,71.53,107190,0,19401.39,0,0,3573,91
05/04/2026 05:59,Desford,Wetside Line 1,D Shift Nights,16,39567,27350,19678,283,6665,5552,0,839,0,4,4919,70,71.95,103.51,1,74.47,112530,0,20367.93,0,0,3751,61
05/04/2026 17:59,Desford,Wetside Line 1,B Shift Days,16,39569,23859,13993,815,10479,5231,0,520,0,11,1272,74,58.65,98.72,1,57.9,76320,0,13813.92,179.08,1.28,2544,63
06/04/2026 05:59,Desford,Wetside Line 1,A Shift Nights,16,39571,21975,12917,673,10487,7109,0,586,0,9,1435,74,58.78,109.63,1,64.44,78240,0,14161.44,0,0,2608,42
06/04/2026 17:59,Desford,Wetside Line 1,B Shift Days,16,39571,25191,15869,745,6907,7473,0,623,0,8,1983,93,62.99,100.98,1,63.61,88530,0,16023.93,0,0,2951,116
07/04/2026 05:59,Desford,Wetside Line 1,A Shift Nights,16,39575,18380,10774,372,16007,5188,0,576,0,4,2693,93,58.62,131.79,1,77.25,78450,0,14199.45,0,0,2615,59
07/04/2026 17:59,Desford,Wetside Line 1,B Shift Days,16,39574,16012,9507,463,8780,14782,0,382,0,7,1358,66,59.37,109.03,1,64.74,57270,0,10365.87,0,0,1909,86
08/04/2026 05:59,Desford,Wetside Line 1,A Shift Nights,16,39576,19984,13940,347,4796,14796,0,575,2,5,2788,69,69.76,99.99,1,69.75,77010,0,13938.81,1.19,0.01,2567,108
08/04/2026 17:59,Desford,Wetside Line 1,B Shift Days,16,39171,26226,2733,16783,2501,10444,0,74,6,8,341,2097,10.42,77.49,1,8.07,11700,0,2117.7,615.3,22.51,390,61
09/04/2026 05:59,Desford,Wetside Line 1,A Shift Nights,16,39566,25025,15521,2139,10200,4341,0,645,16,20,776,106,62.02,100.79,1,62.51,86430,0,15643.83,0,0,2881,81
09/04/2026 17:59,Desford,Wetside Line 1,D Shift Days,16,39751,26828,19234,586,7291,5632,0,616,18,17,1131,34,71.69,89.89,0.98,63.25,93750,1770,17289.12,1944.88,10.11,3125,59
10/04/2026 05:59,Desford,Wetside Line 1,C Shift Nights,16,39753,20778,14111,1731,4356,14619,0,597,24,12,1175,144,67.91,100.67,0.98,66.98,76890,1590,14204.88,0,0,2563,53
10/04/2026 17:59,Desford,Wetside Line 1,D Shift Days,Clumber Red Reserves,12525,6825,4812,283,3188,2512,0,205,6,3,1604,94,70.51,107.39,0.99,75.32,28560,150,5167.8,0,0,952,5
11/04/2026 05:59,Desford,Wetside Line 1,C Shift Nights,Clumber Red Reserves,39758,25444,18994,610,8886,5428,0,764,10,10,1899,61,74.65,98.03,0.98,72.05,101850,1590,18619.2,374.8,1.97,3395,53
11/04/2026 17:59,Desford,Wetside Line 1,D Shift Days,Clumber Red Reserves,39758,28915,20150,1199,8688,2155,0,783,22,12,1679,99,69.69,95.89,0.99,66.37,106620,720,19321.2,828.8,4.11,3554,24
12/04/2026 05:59,Desford,Wetside Line 1,C Shift Nights,18,39760,28674,19477,2333,5866,5220,0,781,34,14,1391,166,67.93,96.84,0.98,64.27,102390,2400,18862.2,614.8,3.16,3413,80
12/04/2026 17:59,Desford,Wetside Line 1,D Shift Days,18,39760,27301,15273,6210,6389,6070,0,628,50,13,1174,477,55.94,99.35,0.99,55.15,83640,660,15174,99,0.65,2788,22
13/04/2026 05:59,Desford,Wetside Line 1,C Shift Nights,18,39762,28303,17077,3685,5725,5734,0,672,70,23,742,160,60.34,92.78,0.98,55.1,86640,1380,15843.6,1233.4,7.22,2888,46
13/04/2026 17:59,Desford,Wetside Line 1,A Shift Days,Kirby Red Multi,39763,21502,7349,10288,8836,9425,0,383,90,15,489,685,34.18,119.04,0.97,39.53,47220,1380,8748,0,0,1574,46
14/04/2026 05:59,Desford,Wetside Line 1,B Shift Nights,Kirby Red Multi,39754,29863,23163,1147,3266,6625,0,680,98,18,1286,63,77.56,86.51,0.97,64.93,107730,3600,20039.4,3123.6,13.49,3591,120
14/04/2026 17:59,Desford,Wetside Line 1,A Shift Days,VILHM,39756,29535,16131,6356,7347,2874,0,675,104,14,1152,454,54.62,102.7,0.96,53.64,88020,4020,16567.2,0,0,2934,134
15/04/2026 05:59,Desford,Wetside Line 1,B Shift Nights,VILHM,39758,19988,12659,1121,7052,12718,0,600,112,8,1582,140,63.33,109.93,0.99,68.73,76320,990,13915.8,0,0,2544,33
15/04/2026 17:59,Desford,Wetside Line 1,A Shift Days,VILHM,39760,28619,19526,2283,9596,1545,0,921,122,13,1502,175,68.23,108.71,1,73.87,117450,480,21227.4,0,0,3915,16
16/04/2026 05:59,Desford,Wetside Line 1,B Shift Nights,VILHM,39762,20282,13663,2469,9424,10056,0,606,142,17,803,145,67.37,108.85,1,73.14,82410,210,14871.6,0,0,2747,7
16/04/2026 17:59,Desford,Wetside Line 1,A Shift Days,20,39762,27969,17487,4262,7302,4491,0,844,166,16,1092,266,62.52,112.16,0.99,69.74,108360,600,19612.8,0,0,3612,20
17/04/2026 05:59,Desford,Wetside Line 1,B Shift Nights,VILHM,39765,27120,17415,4488,4607,8038,0,598,6,17,1024,264,64.21,91.41,0.98,57.6,86790,1650,15919.2,1495.8,8.59,2893,55
17/04/2026 17:59,Desford,Wetside Line 1,C Shift Days,VILHM,39766,28897,20947,2791,6000,4869,0,759,8,12,1745,232,72.49,92.63,0.99,66.58,106890,900,19402.2,1544.8,7.37,3563,30
18/04/2026 05:59,Desford,Wetside Line 1,D Shift Nights,VILHM,39768,29171,21262,2698,9098,1499,0,731,6,11,1932,245,72.89,96.71,1,70.2,113760,480,20563.2,698.8,3.29,3792,16
18/04/2026 17:59,Desford,Wetside Line 1,C Shift Days,VILHM,39770,29842,13880,12721,3598,6330,0,469,6,10,1388,1272,46.51,92.63,0.99,42.76,70890,540,12857.4,1022.6,7.37,2363,18
19/04/2026 05:59,Desford,Wetside Line 1,D Shift Nights,VILHM,39772,28100,21395,784,9107,2565,0,902,2,9,2377,87,76.14,105.27,1,79.79,124560,570,22523.4,0,0,4152,19
19/04/2026 17:59,Desford,Wetside Line 1,C Shift Days,VILHM,39772,25678,16850,3142,9247,4847,0,712,10,17,991,184,65.62,108.77,0.99,70.83,101040,780,18327.6,0,0,3368,26
20/04/2026 05:59,Desford,Wetside Line 1,D Shift Nights,VILHM,39775,19600,13210,959,18573,1602,0,574,4,5,2642,191,67.4,116.54,1,78.41,85380,150,15395.4,0,0,2846,5
20/04/2026 17:59,Desford,Wetside Line 1,C Shift Days,VILHM,39775,20267,14568,1139,4797,14711,0,559,8,14,1040,81,71.88,99.49,0.99,70.98,79920,600,14493.6,74.4,0.51,2664,20
21/04/2026 05:59,Desford,Wetside Line 1,D Shift Nights,VILHM,39777,25458,17399,2023,3218,11101,0,607,12,16,1087,126,68.34,93.88,0.99,63.61,89970,780,16335,1064,6.12,2999,26
21/04/2026 17:59,Desford,Wetside Line 1,B Shift Days,VILHM,39778,13848,4484,6453,2080,23850,0,137,6,7,640,921,32.38,72.74,0.95,22.27,17130,990,3261.6,1222.4,27.26,571,33
22/04/2026 05:59,Desford,Wetside Line 1,A Shift Nights,VILHM,39782,23387,6009,12087,3617,12778,0,284,8,12,500,1007,25.69,125.72,0.84,27.13,35250,6720,7554.6,0,0,1175,224
22/04/2026 17:59,Desford,Wetside Line 1,B Shift Days,VILHM,39782,23515,11830,8116,7200,9067,0,363,6,14,845,579,50.31,92.16,0.99,46.07,60180,390,10902.6,927.4,7.84,2006,13
23/04/2026 05:59,Desford,Wetside Line 1,A Shift Nights,VILHM,39783,24002,16433,1302,12654,3127,0,655,8,12,1369,108,68.47,101.08,0.99,68.82,91770,510,16610.4,0,0,3059,17
23/04/2026 17:59,Desford,Wetside Line 1,B Shift Days,VILHM,39783,28728,19351,2002,5347,5708,0,734,12,24,806,83,67.36,97.31,0.99,64.96,103680,930,18829.8,521.2,2.69,3456,31
24/04/2026 05:59,Desford,Wetside Line 1,A Shift Nights,VILHM,39787,25383,16939,1130,8030,6374,0,666,0,8,2117,141,66.73,103.13,1,68.52,96630,420,17469,0,0,3221,14
27/03/2026 17:59,Desford,Wetside Line 2,D Shift Days,30,6402,2985,2058,419,725,2692,0,88,0,3,686,139,68.94,96.22,1,66.34,9660,0,1980.3,77.7,3.78,322,0
28/03/2026 05:59,Desford,Wetside Line 2,C Shift Nights,30,43146,24084,16464,3753,7430,11632,0,757,0,13,1266,288,68.36,124.88,1,85.37,100290,0,20559.45,0,0,3343,0
28/03/2026 17:59,Desford,Wetside Line 2,A Shift Days,30,43147,22870,17067,2263,7242,13035,0,682,0,10,1706,226,74.63,116.32,1,86.8,96840,0,19852.2,0,0,3228,0
29/03/2026 06:59,Desford,Wetside Line 2,A Shift Days,30,3548,2288,1789,104,903,357,0,77,0,2,894,52,78.19,125.48,1,98.11,10950,0,2244.75,0,0,365,0
30/03/2026 05:59,Desford,Wetside Line 2,B Shift Nights,30,36233,13455,10055,1330,5527,17251,0,404,0,8,1256,166,74.73,118.72,1,88.72,58230,0,11937.15,0,0,1941,0
30/03/2026 17:59,Desford,Wetside Line 2,A Shift Days,30,38022,21174,15292,2763,5568,11280,0,606,0,9,1699,307,72.22,82.13,1,59.32,69390,0,12559.59,2732.41,17.87,2313,25
31/03/2026 05:59,Desford,Wetside Line 2,B Shift Nights,30,38060,25274,19583,1672,6191,6595,0,735,0,9,2175,185,77.48,86.93,1,67.35,94050,0,17023.05,2559.95,13.07,3135,150
31/03/2026 17:59,Desford,Wetside Line 2,A Shift Days,20,38178,27542,15594,9573,5508,5128,0,416,0,24,649,398,56.62,75.63,1,42.82,65160,0,11793.96,3800.04,24.37,2172,138
01/04/2026 05:59,Desford,Wetside Line 2,B Shift Nights,20,39570,23312,17938,1745,14173,2085,0,675,0,15,1195,116,76.95,88.18,1,67.85,87390,0,15817.59,2120.41,11.82,2913,115
01/04/2026 17:59,Desford,Wetside Line 2,C Shift Days,20,39571,25606,17136,5206,11452,2513,0,618,0,13,1318,400,66.92,91.99,1,61.56,87090,0,15763.29,1372.71,8.01,2903,50
02/04/2026 05:59,Desford,Wetside Line 2,D Shift Nights,20,39558,27095,20126,3467,10708,1755,0,669,0,9,2236,385,74.28,81.94,1,60.86,91110,0,16490.91,3635.09,18.06,3037,28
02/04/2026 17:59,Desford,Wetside Line 2,C Shift Days,30,39559,20947,11487,6964,17219,1393,0,424,0,23,499,302,54.84,81.92,1,44.92,51990,0,9410.19,2076.81,18.08,1733,40
03/04/2026 05:59,Desford,Wetside Line 2,D Shift Nights,20,39560,29981,21103,4644,7464,2115,0,784,0,25,844,185,70.39,82.83,1,58.3,96570,0,17479.17,3623.83,17.17,3219,170
03/04/2026 17:59,Desford,Wetside Line 2,C Shift Days,20,39561,29397,19494,6003,6882,3282,0,735,0,11,1772,545,66.31,87.69,1,58.15,94440,0,17093.64,2400.36,12.31,3148,79
04/04/2026 05:59,Desford,Wetside Line 2,D Shift Nights,16,39563,30150,17353,9306,7708,1705,0,665,0,14,1239,664,57.56,89.12,1,51.29,85440,0,15464.64,1888.36,10.88,2848,283
04/04/2026 17:59,Desford,Wetside Line 2,C Shift Days,16,39565,26691,14895,8498,9541,3333,0,634,0,14,1063,607,55.81,97.01,1,54.14,79830,0,14449.23,445.77,2.99,2661,51
05/04/2026 05:59,Desford,Wetside Line 2,D Shift Nights,16,39567,28032,19587,4182,6834,4701,0,802,0,18,1088,232,69.87,84.25,1,58.87,91170,0,16501.77,3085.23,15.75,3039,46
05/04/2026 17:59,Desford,Wetside Line 2,B Shift Days,16,39569,24691,16654,4714,11414,3464,0,639,0,11,1514,428,67.45,88.78,1,59.88,81690,0,14785.89,1868.11,11.22,2723,98
06/04/2026 05:59,Desford,Wetside Line 2,A Shift Nights,16,39571,24896,15612,5866,11935,2740,0,637,0,10,1561,586,62.71,90.5,1,56.75,78060,0,14128.86,1483.14,9.5,2602,116
06/04/2026 17:59,Desford,Wetside Line 2,B Shift Days,16,39571,29070,17996,7266,7989,2512,0,710,0,18,999,403,61.91,88.8,1,54.97,88290,0,15980.49,2015.51,11.2,2943,85
07/04/2026 05:59,Desford,Wetside Line 2,A Shift Nights,16,39575,22180,12561,6433,15895,1500,0,612,0,8,1570,804,56.63,109.5,1,62.01,75990,0,13754.19,0,0,2533,39
07/04/2026 17:59,Desford,Wetside Line 2,B Shift Days,16,39574,14906,10665,1973,10166,14502,0,429,0,10,1066,197,71.55,91.14,1,65.21,53700,0,9719.7,945.3,8.86,1790,116
08/04/2026 05:59,Desford,Wetside Line 2,A Shift Nights,16,39576,29066,21434,4321,5358,5152,0,566,0,14,1531,308,73.74,77.57,1,57.2,91860,0,16626.66,4807.34,22.43,3062,134
08/04/2026 17:59,Desford,Wetside Line 2,B Shift Days,16,39171,33659,28938,3912,2631,2881,0,110,0,13,2226,300,85.97,70.7,1,60.79,113040,0,20460.24,8477.76,29.3,3768,215
09/04/2026 05:59,Desford,Wetside Line 2,A Shift Nights,16,39566,24036,18758,1386,12055,3475,0,747,0,10,1875,138,78.04,90.9,1,70.94,94200,0,17050.2,1707.8,9.1,3140,41
09/04/2026 17:59,Desford,Wetside Line 2,D Shift Days,16,39751,30552,21210,6094,6519,2680,0,583,0,26,815,234,69.42,76.34,0.94,49.75,83970,5490,16192.26,5017.74,23.66,2799,183
10/04/2026 05:59,Desford,Wetside Line 2,C Shift Nights,16,39753,30589,21566,6151,4552,4612,0,532,0,20,1078,307,70.5,80.24,0.99,55.9,94470,1140,17305.41,4260.59,19.76,3149,38
10/04/2026 17:59,Desford,Wetside Line 2,D Shift Days,Clumber Red Reserves,12525,7825,6147,508,3200,1500,0,229,0,5,1229,101,78.56,78.18,0.95,58.52,25440,1260,4806,1341,21.82,848,42
11/04/2026 05:59,Desford,Wetside Line 2,C Shift Nights,Clumber Red Reserves,39758,26578,15798,7534,8704,4476,0,619,2,14,1128,538,59.44,71.92,0.97,41.26,60930,2190,11361.6,4436.4,28.08,2031,73
11/04/2026 17:59,Desford,Wetside Line 2,D Shift Days,Clumber Red Reserves,39758,32436,21961,6251,7186,136,0,790,2,16,1372,390,67.71,87.22,0.97,57.3,103260,3150,19153.8,2807.2,12.78,3442,105
12/04/2026 05:59,Desford,Wetside Line 2,C Shift Nights,18,39760,28620,22317,2086,7301,3839,0,790,2,10,2231,208,77.98,86.41,0.96,64.62,102750,4380,19283.4,3033.6,13.59,3425,146
12/04/2026 17:59,Desford,Wetside Line 2,D Shift Days,18,39760,26663,19208,3950,9141,3956,0,659,2,8,2401,493,72.04,90.72,0.97,63.21,93630,3180,17425.8,1782.2,9.28,3121,106
13/04/2026 05:59,Desford,Wetside Line 2,C Shift Nights,18,39762,28393,17527,7922,8516,2853,0,563,4,12,1460,660,61.73,86.02,0.95,50.67,79920,3840,15076.8,2450.2,13.98,2664,128
13/04/2026 17:59,Desford,Wetside Line 2,A Shift Days,Kirby Red Multi,39763,28478,13269,12318,9697,1588,0,500,4,10,1326,1231,46.59,75.57,0.95,33.62,53190,2520,10027.8,3241.2,24.43,1773,84
14/04/2026 05:59,Desford,Wetside Line 2,B Shift Nights,Kirby Red Multi,39754,30553,25823,1157,4160,5041,0,677,4,8,3227,144,84.52,70.81,0.97,58.32,99000,2580,18284.4,7538.6,29.19,3300,86
14/04/2026 17:59,Desford,Wetside Line 2,A Shift Days,VILHM,39756,28562,19561,5317,8811,2383,0,687,4,12,1630,443,68.49,85.36,0.95,55.62,88260,4500,16696.8,2864.2,14.64,2942,150
15/04/2026 05:59,Desford,Wetside Line 2,B Shift Nights,VILHM,39758,31761,25685,2190,7784,213,0,730,4,9,2853,243,80.87,91.2,1,73.6,129870,270,23425.2,2259.8,8.8,4329,9
15/04/2026 17:59,Desford,Wetside Line 2,A Shift Days,VILHM,39760,27768,20016,3235,10909,1083,0,862,6,12,1668,269,72.08,93.37,0.99,66.39,102420,1410,18689.4,1326.6,6.63,3414,47
16/04/2026 05:59,Desford,Wetside Line 2,B Shift Nights,VILHM,39762,25932,14260,8387,11768,2062,0,631,6,14,1018,599,54.99,88.57,0.98,47.77,68820,1350,12630.6,1629.4,11.43,2294,45
16/04/2026 17:59,Desford,Wetside Line 2,A Shift Days,20,39762,27927,20901,2661,10123,1712,0,845,8,13,1607,204,74.84,92.49,1,69.05,107130,270,19332,1569,7.51,3571,9
17/04/2026 05:59,Desford,Wetside Line 2,B Shift Nights,VILHM,39765,29122,22743,2995,6421,4222,0,653,0,5,4548,599,78.1,70.42,0.98,54.16,87630,1350,16016.4,6726.6,29.58,2921,45
17/04/2026 17:59,Desford,Wetside Line 2,C Shift Days,VILHM,39766,29354,22451,3271,7804,2608,0,702,0,9,2494,363,76.48,73.07,0.98,54.99,89670,1470,16405.2,6045.8,26.93,2989,49
18/04/2026 05:59,Desford,Wetside Line 2,D Shift Nights,VILHM,39768,23767,16680,3649,6214,9787,0,672,0,6,2780,608,70.18,49.99,0.98,34.26,45240,1080,8337.6,8342.4,50.01,1508,36
18/04/2026 17:59,Desford,Wetside Line 2,C Shift Days,VILHM,39770,29470,13441,13809,3069,7231,0,418,0,14,960,986,45.61,56.29,0.98,25.03,40980,1050,7565.4,5875.6,43.71,1366,35
19/04/2026 05:59,Desford,Wetside Line 2,D Shift Nights,VILHM,39772,30729,20776,5814,8292,751,0,778,0,20,1038,290,67.61,76.73,0.99,51.28,87540,1020,15940.8,4835.2,23.27,2918,34
19/04/2026 17:59,Desford,Wetside Line 2,C Shift Days,VILHM,39772,28660,18291,6973,9198,1914,0,655,0,9,2032,774,63.82,80.07,1,50.93,81090,270,14644.8,3646.2,19.93,2703,9
20/04/2026 05:59,Desford,Wetside Line 2,D Shift Nights,VILHM,39775,21331,12212,6082,16148,2296,0,580,0,21,581,289,57.25,82.91,1,47.31,56070,180,10125,2087,17.09,1869,6
20/04/2026 17:59,Desford,Wetside Line 2,C Shift Days,VILHM,39775,33857,18424,12268,4830,1088,0,546,2,15,1228,817,54.42,72.01,0.99,38.84,73050,660,13267.8,5156.2,27.99,2435,22
21/04/2026 05:59,Desford,Wetside Line 2,D Shift Nights,VILHM,39777,28506,21487,3712,4313,6958,0,625,0,21,1023,176,75.38,62.5,1,46.94,74340,270,13429.8,8057.2,37.5,2478,9
21/04/2026 17:59,Desford,Wetside Line 2,B Shift Days,VILHM,39778,36321,8016,27225,1119,2338,0,198,0,10,801,2722,22.07,65.41,0.96,13.9,28050,1080,5243.4,2772.6,34.59,935,36
22/04/2026 05:59,Desford,Wetside Line 2,A Shift Nights,VILHM,39782,22790,15627,4415,7272,9720,0,522,0,12,1302,367,68.57,79.51,1,54.31,68760,270,12425.4,3201.6,20.49,2292,9
22/04/2026 17:59,Desford,Wetside Line 2,B Shift Days,VILHM,39782,22237,14442,5721,8634,8911,0,386,0,11,1312,520,64.95,70.74,0.99,45.51,56220,540,10216.8,4225.2,29.26,1874,18
23/04/2026 05:59,Desford,Wetside Line 2,A Shift Nights,VILHM,39783,25133,19909,1603,13667,983,0,689,0,10,1990,160,79.21,83.32,1,65.75,91800,360,16588.8,3320.2,16.68,3060,12
23/04/2026 17:59,Desford,Wetside Line 2,B Shift Days,VILHM,39783,32585,24758,3807,6226,972,0,751,0,24,1031,158,75.98,83.32,1,63.06,114150,450,20628,4130,16.68,3805,15
24/04/2026 05:59,Desford,Wetside Line 2,A Shift Nights,VILHM,39787,30997,17630,9758,7740,1050,0,655,14,28,629,348,56.88,92.2,0.98,51.58,88830,1470,16254,1376,7.8,2961,49
24/04/2026 17:59,Desford,Wetside Line 1,B Shift Days,VILHM,39788,26319,15986,4190,5446,8023,0,601,14,17,940,246,60.74,105.16,0.99,63.3,92550,840,16810.2,0,0,3085,28
25/04/2026 05:59,Desford,Wetside Line 1,A Shift Nights,VILHM,39790,24243,12850,6755,11044,4503,0,553,14,14,917,482,53,113.04,1,59.78,80520,180,14526,0,0,2684,6
25/04/2026 17:59,Desford,Wetside Line 1,D Shift Days,ARDSR,39790,28368,20432,1372,6139,5283,0,801,12,11,1857,124,72.02,104,0.96,72.11,113640,4410,21249,0,0,3788,147
26/04/2026 05:59,Desford,Wetside Line 1,C Shift Nights,ARDSR,39793,26340,18782,2110,8824,4629,0,792,12,15,1252,140,71.31,109.05,0.99,77.33,113160,630,20482.2,0,0,3772,21
26/04/2026 17:59,Desford,Wetside Line 1,D Shift Days,ARDSR,39795,28323,18064,4623,6517,4955,0,771,12,13,1389,355,63.78,110.94,0.99,70.35,110700,630,20039.4,0,0,3690,21
27/04/2026 05:59,Desford,Wetside Line 1,C Shift Nights,ARDSR,39797,19366,13200,884,13374,7057,0,663,8,11,1200,80,68.16,121.75,0.99,82.54,88800,480,16070.4,0,0,2960,16
24/04/2026 17:59,Desford,Wetside Line 2,B Shift Days,VILHM,39788,33116,16072,13518,6009,663,0,672,0,11,1461,1228,48.53,93.14,0.98,44.19,81300,1860,14968.8,1103.2,6.86,2710,62
25/04/2026 05:59,Desford,Wetside Line 2,A Shift Nights,VILHM,39790,24700,15245,6316,13935,1155,0,599,0,12,1270,526,61.72,88.62,1,54.46,74730,330,13510.8,1734.2,11.38,2491,11
25/04/2026 17:59,Desford,Wetside Line 2,D Shift Days,ARDSR,39790,32534,21727,6567,5772,1484,0,743,2,29,749,226,66.78,77.57,0.95,49.01,88590,5040,16853.4,4873.6,22.43,2953,168
26/04/2026 05:59,Desford,Wetside Line 2,C Shift Nights,ARDSR,39793,26798,19184,3516,9898,3097,0,779,0,15,1278,234,71.59,79.86,0.99,56.72,84450,660,15319.8,3864.2,20.14,2815,22
26/04/2026 17:59,Desford,Wetside Line 2,D Shift Days,ARDSR,39795,30360,18152,8225,7556,1879,0,752,0,20,907,411,59.79,78.75,0.99,46.53,78480,930,14293.8,3858.2,21.25,2616,31
27/04/2026 05:59,Desford,Wetside Line 2,C Shift Nights,ARDSR,39797,21054,14011,3510,17811,932,0,668,0,20,700,175,66.55,81.44,0.99,53.66,62760,630,11410.2,2600.8,18.56,2092,21
24/04/2026 17:59,Desford,Setter,B Shift Days,VILHM,39788,34579,23415,10222,321,4888,0,56,114,39,600,262,67.71,62.08,1,42.04,141120,0,14535.36,8879.64,37.92,,
25/04/2026 05:59,Desford,Setter,A Shift Nights,VILHM,39790,37553,22327,14009,558,1679,0,46,132,39,572,359,59.45,68.82,1,40.92,149184,0,15365.95,6961.05,31.18,,
25/04/2026 17:59,Desford,Setter,D Shift Days,VILHM,39790,35947,27545,6975,869,2974,0,57,160,38,724,183,76.63,78.4,1,60.08,209664,0,21595.39,5949.61,21.6,,
26/04/2026 05:59,Desford,Setter,C Shift Nights,VILHM,39793,37750,30365,6138,633,1410,0,53,134,30,1012,204,80.44,61.55,1,49.51,181440,0,18688.32,11676.68,38.45,,
26/04/2026 17:59,Desford,Setter,D Shift Days,VILHM,39795,38184,26677,9904,459,1152,0,42,186,33,808,300,69.86,65.38,1,45.68,169344,0,17442.43,9234.57,34.62,,
27/04/2026 05:59,Desford,Setter,C Shift Nights,ARDSR,39797,38562,22950,13469,404,831,0,43,176,55,417,244,59.51,65.14,1,38.77,145152,0,14950.66,7999.34,34.86,,
